{   
    "name":"atreus64",
    "lighting": "none",
    "matrix": {
        "rows":5,
        "cols":13
    },
    "layouts":{
        "labels":[
            "Split Backspace"
        ],
        "keymap":[
  [{
      "r": 10,
      "y": 3.25,
      "x": 7
    },"1,06"],
  [{
      "rx": 1,
      "x": 3
    },"0,03"],
  [{
      "y": -0.65,
      "x": 2
    },"0,02",
    {
      "x": 1
    },"0,04"],
  [{
      "y": -0.75
    },"0,00", "0,01"],
  [{
      "y": -0.9,
      "x": 5
    },"0,05"],
  [{
      "y": -0.7,
      "x": 3
    },"1,03"],
  [{
      "y": -0.6499999999999999,
      "x": 2
    },"1,02",
    {
      "x": 1
    },"1,04"],
  [{
      "y": -0.75
    },"1,00",
    "1,01"],
  [{
      "y": -0.8999999999999999,
      "x": 5
    },"1,05"],
  [{
      "y": -0.7000000000000002,
      "x": 3
    },"2,03"],
  [{
      "y": -0.6499999999999999,
      "x": 2
    },"2,02",
    {
      "x": 1
    },"2,04"],
  [{
      "y": -0.75
    },"2,00","2,01"],
  [{
      "y": -0.8999999999999999,
      "x": 5
    },"2,05"],
  [{
      "y": -0.7000000000000002,
      "x": 3
    },"3,03"],
  [{
      "y": -0.6499999999999999,
      "x": 2
    },"3,02",
    {
      "x": 1
    },"3,04"],
  [{
      "y": -0.75
    },"3,00","3,01"],
  [{
      "y": -0.8999999999999999,
      "x": 5
    },"3,05"],
  [{
      "y": -0.7000000000000002,
      "x": 3
    },"4,03"],
  [{
      "y": -0.6500000000000004,
      "x": 2
    },"4,02",
    {
      "x": 1
    },"4,04"],
  [{
      "y": -0.9000000000000004,
      "x": 6
    },"3,06"],
  [{
      "y": -0.8499999999999996
    },"4,00","4,01"],
  [{
      "y": -0.9000000000000004,
      "x": 5
    },"4,05"],
  [{
      "r": -10,
      "rx": 7,
      "ry": 1,
      "y": 0.25,
      "x": 3
    },"0,09"],
  [{
      "y": -0.6499999999999999,
      "x": 2},"0,08",
    {
      "x": 1
    },"0,10"],
  [{
      "y": -0.75,
      "x": 5
    },"0,11","0,12"],
  [{
      "y": -0.8999999999999999,
      "x": 1
    },"0,07"],
  [{
      "y": -0.71,
      "x": 3
    },"1,09"],
  [{
      "y": -0.6499999999999999,
      "x": 2
    },"1,08",
    {
      "x": 1
    },"1,10"],
  [{
      "y": -0.75,
      "x": 5
    },"1,11","1,12"],
  [{
      "y": -0.8999999999999999,
      "x": 1
    },"1,07"],
  [{
      "y": -0.71,
      "x": 3
    },"2,09"],
  [{
      "y": -0.6499999999999999,
      "x": 2
    },"2,08",
    {
      "x": 1
    }, "2,10"],
  [{
      "y": -0.75,
      "x": 5
    },"2,11","2,12"],
  [{
      "y": -0.8999999999999999,
      "x": 1
    },"2,07"
  ],
  [{
      "y": -0.7000000000000002,
      "x": 3
    },"3,09"],
  [{
      "y": -0.6500000000000004,
      "x": 2
    },"3,08",
    {
      "x": 1
    },"3,10"],
  [
    {
      "y": -0.9050000000000002
    },"2,06"],
  [{
      "y": -0.8449999999999998,
      "x": 5
    },"3,11","3,12"],
  [{
      "y": -0.9000000000000004,
      "x": 1
    },"3,07"],
  [{
      "y": -0.7000000000000002,
      "x": 3
    },"4,09"],
  [{
      "y": -0.6500000000000004,
      "x": 2
    },"4,08",
    {
      "x": 1
    },"4,10"],
  [{
      "y": -0.9000000000000004
    },"4,06"],
  [{
      "y": -0.8499999999999996,
      "x": 5
    }, "4,11","4,12"],
  [{
      "y": -0.9000000000000004,
      "x": 1
    },"4,07"]
]
  },
   "vial": {
        "midi": "advanced"
    }
}